Workbook

Sheet Rohdaten
A1: ID | B1: Studiengang_Entscheid | C1: Motivationslevel | D1: Selbststudium_Stunden | E1: Lernmethoden | F1: Workflow | G1: Prokrastination | H1: Zufriedenheit_Leistung | I1: Hauptmotivation | J1: Stresslevel | K1: Massnahmen
A2: 1 | B2: Interesse am Fachgebiet | C2: Sehr motiviert | D2: Unter 5 Stunden | E2: Zusammenfassungen schreiben; Videos / Online Kurse | F2: Sehr gut | G2: Selten | H2: Sehr zufrieden | I2: Interesse am Wissen | J2: Eher stark | K2: Bessere Zeitplannung; Lernräume / ruhige Umgebung
A3: 2 | B3: Interesse am Fachgebiet | C3: Eher motiviert | D3: Unter 5 Stunden | E3: Zusammenfassungen schreiben | F3: Sehr gut | G3: Selten | H3: Sehr zufrieden | I3: Interesse am Wissen | J3: Eher stark | K3: Bessere Zeitplannung
A4: 3 | B4: Interesse am Fachgebiet | C4: Eher motiviert | D4: 5-10 Stunden | E4: Zusammenfassungen schreiben; Karteikarten / Lern-Apps | F4: Sehr gut | G4: Selten | H4: Sehr zufrieden | I4: Interesse am Wissen | J4: Eher stark | K4: Coaching / Motivationstraining
A5: 4 | B5: Interesse am Fachgebiet | C5: Eher motiviert | D5: 5-10 Stunden | E5: Videos / Online Kurse | F5: Gut | G5: Gelegentlich | H5: Sehr zufrieden | I5: Interesse am Wissen | J5: Eher stark | K5: Bessere Zeitplannung; Coaching / Motivationstraining
A6: 5 | B6: Interesse am Fachgebiet | C6: Eher motiviert | D6: 5-10 Stunden | E6: Zusammenfassungen schreiben; Lerngruppen | F6: Gut | G6: Gelegentlich | H6: Zufrieden | I6: Interesse am Wissen | J6: Eher stark | K6: Lernräume / ruhige Umgebung
A7: 6 | B7: Interesse am Fachgebiet | C7: Eher motiviert | D7: 5-10 Stunden | E7: Videos / Online Kurse; Lerngruppen | F7: Gut | G7: Gelegentlich | H7: Zufrieden | I7: Gute Noten | J7: Eher stark | K7: Unterstützung durch Dozent:innen
A8: 7 | B8: Interesse am Fachgebiet | C8: Eher motiviert | D8: 5-10 Stunden | E8: Zusammenfassungen schreiben; Videos / Online Kurse; Karteikarten / Lern-Apps | F8: Gut | G8: Gelegentlich | H8: Zufrieden | I8: Zukunft und Karriere | J8: Eher stark | K8: Bessere Zeitplannung
A9: 8 | B9: Interesse am Fachgebiet | C9: Eher motiviert | D9: 5-10 Stunden | E9: Zusammenfassungen schreiben | F9: Gut | G9: Gelegentlich | H9: Zufrieden | I9: Zukunft und Karriere | J9: Eher stark | K9: Coaching / Motivationstraining
A10: 9 | B10: Interesse am Fachgebiet | C10: Eher motiviert | D10: 5-10 Stunden | E10: Zusammenfassungen schreiben; Sonstiges | F10: Gut | G10: Gelegentlich | H10: Zufrieden | I10: Zukunft und Karriere | J10: Mittel | K10: Bessere Zeitplannung; Austausch mit Kommiliton:innen
A11: 10 | B11: Interesse am Fachgebiet | C11: Eher motiviert | D11: 5-10 Stunden | E11: Videos / Online Kurse | F11: Gut | G11: Gelegentlich | H11: Zufrieden | I11: Zukunft und Karriere | J11: Mittel | K11: Lernräume / ruhige Umgebung
A12: 11 | B12: Interesse am Fachgebiet | C12: Eher motiviert | D12: 5-10 Stunden | E12: Zusammenfassungen schreiben; Karteikarten / Lern-Apps | F12: Gut | G12: Gelegentlich | H12: Zufrieden | I12: Zukunft und Karriere | J12: Mittel | K12: Coaching / Motivationstraining
A13: 12 | B13: Interesse am Fachgebiet | C13: Eher motiviert | D13: 5-10 Stunden | E13: Videos / Online Kurse; Sonstiges | F13: Mittelmässig | G13: Gelegentlich | H13: Zufrieden | I13: Zukunft und Karriere | J13: Mittel | K13: Bessere Zeitplannung
... A21: 20 | B21: Sonstiges | C21: Eher unmotiviert | D21: Über 20 Stunden | E21: Sonstiges | F21: Sehr schlecht | G21: Eigentlich immer | H21: Teils | I21: Persönliche Entwicklung | J21: Gar nicht | K21: Bessere Zeitplannung

Sheet Datenschema
A1: Bedeutung (Fragetext) | B1: Merkmal | C1: Datentyp | D1: Skalierung | E1: Wertebereich
A2: Warum hast du dich für deinen aktuellen Studiengang entschieden? | B2: Studiengang_Entscheid | C2: Zeichenkette | D2: nominal | E2: {Interesse, Berufsaussichten, Empfehlung, Zufall, Sonstiges}
A3: Wie motiviert fühlen Sie sich aktuell für ihr Studium? | B3: Motivationslevel | C3: Zahl | D3: ordinal | E3: {1=Sehr motiviert, 2=Eher motiviert, 3=Neutral, 4=Eher unmotiviert, 5=Gar nicht motiviert}
A4: Wie viele Stunden pro Woche investieren Sie in das Selbststudium? | B4: Selbststudium_Stunden | C4: Zahl | D4: ordinal | E4: {1=Unter 5, 2=5–10, 3=10–20, 4=Über 20}
A5: Welche Lernmethoden nutzen Sie am meisten? | B5: Lernmethoden | C5: Zeichenkette | D5: nominal | E5: {Zusammenfassungen, Karteikarten, Lerngruppen, Videos, Sonstiges}
A6: Wie gut können Sie einen optimalen Workflow erreichen? | B6: Workflow | C6: Zahl | D6: ordinal | E6: {1=Sehr gut, 2=Gut, 3=Mittelmässig, 4=Schlecht, 5=Sehr schlecht}
A7: Wie oft schieben Sie Lernaufgaben auf? | B7: Prokrastination | C7: Zahl | D7: ordinal | E7: {1=Fast nie, 2=Selten, 3=Gelegentlich, 4=Oft, 5=Immer}
A8: Wie zufrieden sind Sie mit Ihrer aktuellen Studienleistung? | B8: Zufriedenheit_Leistung | C8: Zahl | D8: ordinal | E8: {1=Sehr zufrieden, 2=Zufrieden, 3=Teils, 4=Unzufrieden, 5=Sehr unzufrieden}
A9: Was motiviert Sie am meisten? | B9: Hauptmotivation | C9: Zeichenkette | D9: nominal | E9: {Interesse, Noten, Karriere, Erwartungen, Entwicklung}
A10: Wie stark empfinden Sie Stress? | B10: Stresslevel | C10: Zahl | D10: ordinal | E10: {1=Sehr stark, 2=Eher stark, 3=Mittel, 4=Eher gering, 5=Gar nicht}
A11: Welche Massnahmen würden Ihnen helfen, das Lernen zu verbessern? | B11: Massnahmen | C11: Zeichenkette | D11: nominal | E11: {Zeitplanung, Dozentenhilfe, Lernräume, Austausch, Coaching}

Sheet Datenerhebung_ordinal
A1: Selbststudium_Stunden | B1: Stunden umkodiert | E1: Anzahl Antworten | F1: MIN | G1: Q1 | H1: Median | I1: Q3 | J1: MAX | K1: MAD | L1: IQR
A2: Unter 5 | B2: =IF(A2="Unter 5 ", 1, IF(A2="5-10 Stunden", 2, IF(A2="10-20 Stunden", 3, IF(A2="Über 20 Stunden", 4)))) -> 1 | C2: =A1 -> Selbststudium_Stunden | E2: =COUNTIF(A2:A21, "*") -> 20 | F2: =MIN(B2:B21) -> 1 | G2: =_xlfn.QUARTILE.INC(B2:B21,1) -> 2 | H2: =MEDIAN(B2:B21) -> 2 | I2: =_xlfn.QUARTILE.INC(B2:B21,3) -> 3 | J2: =MAX(B2:B21) -> 4 | K2: {=MEDIAN(ABS(B2:B21-H2))} -> 0 | L2: =_xlfn.QUARTILE.EXC(B2:B21,3) - _xlfn.QUARTILE.INC(B2:B21,1) -> 1
A3: Unter 5 | B3: =IF(A3="Unter 5 ", 1, IF(A3="5-10 Stunden", 2, IF(A3="10-20 Stunden", 3, IF(A3="Über 20 Stunden", 4)))) -> 1
A4: 5-10 Stunden | B4: =IF(A4="Unter 5 ", 1, IF(A4="5-10 Stunden", 2, IF(A4="10-20 Stunden", 3, IF(A4="Über 20 Stunden", 4)))) -> 2
A5: 5-10 Stunden | B5: =IF(A5="Unter 5 ", 1, IF(A5="5-10 Stunden", 2, IF(A5="10-20 Stunden", 3, IF(A5="Über 20 Stunden", 4)))) -> 2
A6: 5-10 Stunden | B6: =IF(A6="Unter 5 ", 1, IF(A6="5-10 Stunden", 2, IF(A6="10-20 Stunden", 3, IF(A6="Über 20 Stunden", 4)))) -> 2
A7: 5-10 Stunden | B7: =IF(A7="Unter 5 ", 1, IF(A7="5-10 Stunden", 2, IF(A7="10-20 Stunden", 3, IF(A7="Über 20 Stunden", 4)))) -> 2
A8: 5-10 Stunden | B8: =IF(A8="Unter 5 ", 1, IF(A8="5-10 Stunden", 2, IF(A8="10-20 Stunden", 3, IF(A8="Über 20 Stunden", 4)))) -> 2
A9: 5-10 Stunden | B9: =IF(A9="Unter 5 ", 1, IF(A9="5-10 Stunden", 2, IF(A9="10-20 Stunden", 3, IF(A9="Über 20 Stunden", 4)))) -> 2
A10: 5-10 Stunden | B10: =IF(A10="Unter 5 ", 1, IF(A10="5-10 Stunden", 2, IF(A10="10-20 Stunden", 3, IF(A10="Über 20 Stunden", 4)))) -> 2
A11: 5-10 Stunden | B11: =IF(A11="Unter 5 ", 1, IF(A11="5-10 Stunden", 2, IF(A11="10-20 Stunden", 3, IF(A11="Über 20 Stunden", 4)))) -> 2
A12: 5-10 Stunden | B12: =IF(A12="Unter 5 ", 1, IF(A12="5-10 Stunden", 2, IF(A12="10-20 Stunden", 3, IF(A12="Über 20 Stunden", 4)))) -> 2
A13: 5-10 Stunden | B13: =IF(A13="Unter 5 ", 1, IF(A13="5-10 Stunden", 2, IF(A13="10-20 Stunden", 3, IF(A13="Über 20 Stunden", 4)))) -> 2
A14: 5-10 Stunden | B14: =IF(A14="Unter 5 ", 1, IF(A14="5-10 Stunden", 2, IF(A14="10-20 Stunden", 3, IF(A14="Über 20 Stunden", 4)))) -> 2
... A21: Über 20 Stunden | B21: =IF(A21="Unter 5 ", 1, IF(A21="5-10 Stunden", 2, IF(A21="10-20 Stunden", 3, IF(A21="Über 20 Stunden", 4)))) -> 4

Sheet Datenerhebung_nominal
A1: Studiengang_Entscheid | C1: Anzahl Antworten | E1: Absolute Häufigkeit | F1: Relative Häufigkeit
A2: Interesse am Fachgebiet | C2: =COUNTIF(A2:A21,"*") -> 20 | D2: {=_xlfn.UNIQUE(A2:A21)} -> Interesse am Fachgebiet | E2: =COUNTIFS(A2:A21,"Interesse am Fachgebiet") -> 15 | F2: =E2/C2 -> 0.75
A3: Interesse am Fachgebiet | D3: Gute Berufsaussichten | E3: =COUNTIFS(A2:A21,"Gute Berufsaussichten") -> 2 | F3: =E3/C2 -> 0.1
A4: Interesse am Fachgebiet | D4: Zufall / keine klare Entscheidung | E4: =COUNTIFS(A2:A21,"Zufall / keine klare Entscheidung") -> 2 | F4: =E4/C2 -> 0.1
A5: Interesse am Fachgebiet | D5: Sonstiges | E5: =COUNTIFS(A2:A21,"Sonstiges") -> 1 | F5: =E5/C2 -> 0.05
A6: Interesse am Fachgebiet
A7: Interesse am Fachgebiet
A8: Interesse am Fachgebiet
A9: Interesse am Fachgebiet
A10: Interesse am Fachgebiet
A11: Interesse am Fachgebiet
A12: Interesse am Fachgebiet
A13: Interesse am Fachgebiet
A14: Interesse am Fachgebiet
A15: Interesse am Fachgebiet
A16: Interesse am Fachgebiet
A17: Gute Berufsaussichten
... A21: Sonstiges

Sheet Auswertung
A1: Häufigkeit Motivationslevel (Frage 2)
A2: Antwort | B2: Anzahl
A3: Sehr motiviert | B3: =COUNTIF(Rohdaten!$C$2:$C$21,A3) -> 1
A4: Eher motiviert | B4: =COUNTIF(Rohdaten!$C$2:$C$21,A4) -> 11
A5: Neutral | B5: =COUNTIF(Rohdaten!$C$2:$C$21,A5) -> 5
A6: Eher unmotiviert | B6: =COUNTIF(Rohdaten!$C$2:$C$21,A6) -> 3
A7: Gar nicht motiviert | B7: =COUNTIF(Rohdaten!$C$2:$C$21,A7) -> 0
A17: Häufigkeit Prokrastination (Frage 6)
A18: Antwort | B18: Anzahl
A19: Fast nie | B19: =COUNTIF(Rohdaten!$G$2:$G$21,A19) -> 0
A20: Selten | B20: =COUNTIF(Rohdaten!$G$2:$G$21,A20) -> 3
A21: Gelegentlich | B21: =COUNTIF(Rohdaten!$G$2:$G$21,A21) -> 10
A22: Oft | B22: =COUNTIF(Rohdaten!$G$2:$G$21,A22) -> 3
A23: Eigentlich immer | B23: =COUNTIF(Rohdaten!$G$2:$G$21,A23) -> 4
A33: Häufigkeit Stresslevel (Frage 9)
A34: Antwort | B34: Anzahl
A35: Sehr stark | B35: =COUNTIF(Rohdaten!$J$2:$J$21,A35) -> 0
A36: Eher stark | B36: =COUNTIF(Rohdaten!$J$2:$J$21,A36) -> 8
A37: Mittel | B37: =COUNTIF(Rohdaten!$J$2:$J$21,A37) -> 8
A38: Eher gering | B38: =COUNTIF(Rohdaten!$J$2:$J$21,A38) -> 1
A39: Gar nicht | B39: =COUNTIF(Rohdaten!$J$2:$J$21,A39) -> 3
A49: Häufigkeit Lernmethoden (Frage 4)
A50: Lernmethode | B50: Anzahl (mind. einmal gewählt)
A51: Zusammenfassungen schreiben | B51: =COUNTIF(Rohdaten!$E$2:$E$21,"*Zusammenfassungen schreiben*") -> 12
A52: Karteikarten / Lern-Apps | B52: =COUNTIF(Rohdaten!$E$2:$E$21,"*Karteikarten / Lern-Apps*") -> 5
A53: Lerngruppen | B53: =COUNTIF(Rohdaten!$E$2:$E$21,"*Lerngruppen*") -> 4
A54: Videos / Online Kurse | B54: =COUNTIF(Rohdaten!$E$2:$E$21,"*Videos / Online Kurse*") -> 8
A55: Sonstiges | B55: =COUNTIF(Rohdaten!$E$2:$E$21,"*Sonstiges*") -> 4
A65: Häufigkeit Massnahmen (Frage 10)
A66: Massnahme | B66: Anzahl (mind. einmal gewählt)
A67: Bessere Zeitplannung | B67: =COUNTIF(Rohdaten!$K$2:$K$21,"*Bessere Zeitplannung*") -> 10
A68: Unterstützung durch Dozent:innen | B68: =COUNTIF(Rohdaten!$K$2:$K$21,"*Unterstützung durch Dozent:innen*") -> 1
A69: Lernräume / ruhige Umgebung | B69: =COUNTIF(Rohdaten!$K$2:$K$21,"*Lernräume / ruhige Umgebung*") -> 5
A70: Austausch mit Kommiliton:innen | B70: =COUNTIF(Rohdaten!$K$2:$K$21,"*Austausch mit Kommiliton:innen*") -> 2
A71: Coaching / Motivationstraining | B71: =COUNTIF(Rohdaten!$K$2:$K$21,"*Coaching / Motivationstraining*") -> 7
